[
    {
        "title": "Hi",
        "text": "hello everyone",
        "author": "newUser1",
        "timestamp": 1746815598
    },
    {
        "title": "i love *** people ",
        "text": "smith fr ",
        "author": "fia",
        "timestamp": 1746043846
    },
    {
        "title": "ghdjd",
        "text": "djfjd",
        "author": "test3",
        "timestamp": 1746040204
    },
    {
        "title": "heyyy",
        "text": "test",
        "author": "Candida",
        "timestamp": 1746029349
    },
    {
        "title": "eh",
        "text": "Im okay",
        "author": "plinhtea",
        "timestamp": 1746029089
    },
    {
        "title": "Question",
        "text": "how is everyone?",
        "author": "plinhtea",
        "timestamp": 1746028949
    },
    {
        "title": "heyy",
        "text": "shshs",
        "author": "plinhtea",
        "timestamp": 1746028812
    },
    {
        "title": "Uhhh",
        "text": "my day way terrible!",
        "author": "plinhtea",
        "timestamp": 1746028444
    },
    {
        "title": "hi",
        "text": "w",
        "author": "Candida",
        "timestamp": 1746028271
    }
]